runtime(s),size(nodes)
0.080000,14
0.070000,9
0.070000,16
0.090000,14
0.090000,13
0.130000,31
0.120000,26
0.100000,45
0.130000,64
0.150000,57
0.120000,65
0.160000,45
0.160000,138
0.150000,55
0.180000,90