runtime(s),size(nodes)
1.000000,36
2.070000,44
7.440000,52
10.170000,68
10.140000,86
10.200000,100
10.260000,132
10.340000,127
10.380000,156
10.550000,196
10.700000,244
10.600000,284
10.900000,324
11.240000,364
11.560000,404